,speech_number,type,position,sentiment_blob
0,0,Great Speech,0,0.0
1,0,Great Speech,1,0.1025
2,0,Great Speech,2,0.23374999999999996
3,0,Great Speech,3,-0.062349624060150384
4,0,Great Speech,4,-0.0020408163265306207
5,0,Great Speech,5,0.01730769230769231
6,0,Great Speech,6,0.08846153846153847
7,0,Great Speech,7,0.08750000000000001
8,0,Great Speech,8,0.24444444444444446
9,0,Great Speech,9,0.039727891156462594
0,1,Great Speech,0,-0.09809523809523808
1,1,Great Speech,1,0.14223057644110276
2,1,Great Speech,2,0.2834610917537747
3,1,Great Speech,3,0.11939655172413795
4,1,Great Speech,4,0.02536231884057971
5,1,Great Speech,5,0.2021062271062271
6,1,Great Speech,6,0.11064814814814816
7,1,Great Speech,7,0.04870129870129869
8,1,Great Speech,8,0.09604591836734692
9,1,Great Speech,9,0.525
0,2,Great Speech,0,0.0
1,2,Great Speech,1,0.0
2,2,Great Speech,2,0.0
3,2,Great Speech,3,0.0
4,2,Great Speech,4,0.0
5,2,Great Speech,5,0.0
6,2,Great Speech,6,0.0
7,2,Great Speech,7,0.0
8,2,Great Speech,8,0.0
9,2,Great Speech,9,0.015324675324675317
0,3,Great Speech,0,0.11933621933621934
1,3,Great Speech,1,0.04642995892995894
2,3,Great Speech,2,0.04409340659340659
3,3,Great Speech,3,-0.014102564102564108
4,3,Great Speech,4,0.28732993197278905
5,3,Great Speech,5,0.12500000000000003
6,3,Great Speech,6,0.24689514189514195
7,3,Great Speech,7,0.22663847780126856
8,3,Great Speech,8,0.17684523809523808
9,3,Great Speech,9,0.20428152492668625
0,4,Great Speech,0,0.35624999999999996
1,4,Great Speech,1,0.23540404040404042
2,4,Great Speech,2,0.11500000000000002
3,4,Great Speech,3,0.16520979020979018
4,4,Great Speech,4,0.16428571428571426
5,4,Great Speech,5,0.3142857142857142
6,4,Great Speech,6,0.2004583651642475
7,4,Great Speech,7,0.2448773448773449
8,4,Great Speech,8,0.21666666666666667
9,4,Great Speech,9,0.04047619047619046
0,5,Great Speech,0,0.20238095238095236
1,5,Great Speech,1,0.55
2,5,Great Speech,2,0.041666666666666664
3,5,Great Speech,3,0.0
4,5,Great Speech,4,0.75
5,5,Great Speech,5,0.0
6,5,Great Speech,6,0.6
7,5,Great Speech,7,0.12242063492063493
8,5,Great Speech,8,-0.08787878787878789
9,5,Great Speech,9,0.09034607155296813
0,6,Great Speech,0,0.7
1,6,Great Speech,1,0.1280952380952381
2,6,Great Speech,2,0.06818181818181818
3,6,Great Speech,3,0.0
4,6,Great Speech,4,0.06351010101010097
5,6,Great Speech,5,0.023245614035087736
6,6,Great Speech,6,0.16666666666666666
7,6,Great Speech,7,0.16666666666666666
8,6,Great Speech,8,0.11777597402597402
9,6,Great Speech,9,0.09384692311907503
0,7,Great Speech,0,-0.16666666666666666
1,7,Great Speech,1,0.22727272727272727
2,7,Great Speech,2,0.14567901234567904
3,7,Great Speech,3,0.024716553287981863
4,7,Great Speech,4,0.1915584415584415
5,7,Great Speech,5,0.4333333333333333
6,7,Great Speech,6,0.0
7,7,Great Speech,7,0.0
8,7,Great Speech,8,0.18301435406698566
9,7,Great Speech,9,0.12786458333333334
0,8,Great Speech,0,0.21632653061224488
1,8,Great Speech,1,-0.09305555555555556
2,8,Great Speech,2,0.016942148760330577
3,8,Great Speech,3,0.0069444444444444475
4,8,Great Speech,4,0.13758741258741258
5,8,Great Speech,5,0.04664502164502164
6,8,Great Speech,6,0.1411764705882353
7,8,Great Speech,7,0.03585858585858586
8,8,Great Speech,8,0.03409090909090909
9,8,Great Speech,9,0.0
0,9,Great Speech,0,0.0
1,9,Great Speech,1,0.0
2,9,Great Speech,2,0.0
3,9,Great Speech,3,0.0
4,9,Great Speech,4,0.0
5,9,Great Speech,5,0.0
6,9,Great Speech,6,0.0
7,9,Great Speech,7,0.0
8,9,Great Speech,8,0.0
9,9,Great Speech,9,0.18493138067606155
0,10,Great Speech,0,0.25735294117647056
1,10,Great Speech,1,0.14074074074074072
2,10,Great Speech,2,0.05973462301587302
3,10,Great Speech,3,0.1380654761904762
4,10,Great Speech,4,-0.08364935064935065
5,10,Great Speech,5,0.18383838383838386
6,10,Great Speech,6,0.08842975206611571
7,10,Great Speech,7,0.11293688767372982
8,10,Great Speech,8,0.23813131313131317
9,10,Great Speech,9,0.19949429358520265
0,11,Great Speech,0,0.005555555555555559
1,11,Great Speech,1,0.12564935064935065
2,11,Great Speech,2,0.1970238095238095
3,11,Great Speech,3,0.08666666666666666
4,11,Great Speech,4,0.012500000000000011
5,11,Great Speech,5,0.19333333333333333
6,11,Great Speech,6,0.35714285714285715
7,11,Great Speech,7,-0.19523809523809518
8,11,Great Speech,8,-0.04285714285714286
9,11,Great Speech,9,0.45000000000000007
0,12,Great Speech,0,0.2027777777777778
1,12,Great Speech,1,0.09800637958532694
2,12,Great Speech,2,-0.3260416666666667
3,12,Great Speech,3,-0.14232954545454546
4,12,Great Speech,4,0.02939560439560442
5,12,Great Speech,5,0.08333333333333333
6,12,Great Speech,6,0.22037037037037038
7,12,Great Speech,7,0.4
8,12,Great Speech,8,0.13575757575757574
9,12,Great Speech,9,-0.04196127946127945
0,13,Great Speech,0,0.032777777777777795
1,13,Great Speech,1,0.017628205128205125
2,13,Great Speech,2,-0.06354166666666666
3,13,Great Speech,3,-0.04722222222222222
4,13,Great Speech,4,0.07916666666666666
5,13,Great Speech,5,0.24000000000000005
6,13,Great Speech,6,0.08500000000000002
7,13,Great Speech,7,0.11144781144781143
8,13,Great Speech,8,0.20666666666666667
9,13,Great Speech,9,-0.09458333333333334
0,14,Great Speech,0,0.2812074829931973
1,14,Great Speech,1,0.2638888888888889
2,14,Great Speech,2,0.1351604278074866
3,14,Great Speech,3,0.043452380952380944
4,14,Great Speech,4,-0.26857142857142857
5,14,Great Speech,5,0.14166666666666666
6,14,Great Speech,6,0.07013528138528138
7,14,Great Speech,7,0.292929292929293
8,14,Great Speech,8,0.20701970443349751
9,14,Great Speech,9,0.12113164613164613
0,15,Great Speech,0,0.3304166666666667
1,15,Great Speech,1,0.013461538461538473
2,15,Great Speech,2,-0.019326923076923082
3,15,Great Speech,3,0.7
4,15,Great Speech,4,0.0007575757575757499
5,15,Great Speech,5,0.1419799498746867
6,15,Great Speech,6,0.0
7,15,Great Speech,7,0.0
8,15,Great Speech,8,0.09166666666666667
9,15,Great Speech,9,0.06490476190476192
0,16,Great Speech,0,-0.05714285714285715
1,16,Great Speech,1,0.09827586206896552
2,16,Great Speech,2,0.2242481203007519
3,16,Great Speech,3,0.0
4,16,Great Speech,4,0.24285714285714288
5,16,Great Speech,5,0.1307017543859649
6,16,Great Speech,6,-0.04242424242424243
7,16,Great Speech,7,0.0
8,16,Great Speech,8,0.5333333333333333
9,16,Great Speech,9,0.0
0,17,Great Speech,0,0.18387096774193548
1,17,Great Speech,1,0.08484848484848484
2,17,Great Speech,2,0.1767902236652237
3,17,Great Speech,3,0.07974458874458874
4,17,Great Speech,4,0.2651260504201681
5,17,Great Speech,5,0.08760527351436441
6,17,Great Speech,6,0.0533254624163715
7,17,Great Speech,7,0.20974025974025973
8,17,Great Speech,8,0.17226190476190478
9,17,Great Speech,9,0.050444292549555715
0,18,Great Speech,0,-0.5
1,18,Great Speech,1,0.0
2,18,Great Speech,2,0.2
3,18,Great Speech,3,0.0
4,18,Great Speech,4,0.0
5,18,Great Speech,5,0.011049107142857144
6,18,Great Speech,6,0.13333333333333333
7,18,Great Speech,7,-0.09337121212121212
8,18,Great Speech,8,-0.2555555555555556
9,18,Great Speech,9,-0.011147186147186138
0,19,Great Speech,0,0.5
1,19,Great Speech,1,0.25
2,19,Great Speech,2,-0.02222222222222223
3,19,Great Speech,3,-0.38999999999999996
4,19,Great Speech,4,-0.75
5,19,Great Speech,5,0.4666666666666666
6,19,Great Speech,6,0.21428571428571427
7,19,Great Speech,7,-0.28035714285714286
8,19,Great Speech,8,-0.1625
9,19,Great Speech,9,0.24999999999999997
0,20,Great Speech,0,0.15000000000000002
1,20,Great Speech,1,0.033689839572192515
2,20,Great Speech,2,0.07527548209366391
3,20,Great Speech,3,0.14196969696969694
4,20,Great Speech,4,0.15714285714285717
5,20,Great Speech,5,0.28750000000000003
6,20,Great Speech,6,0.03571428571428571
7,20,Great Speech,7,0.02704686617730095
8,20,Great Speech,8,-0.075
9,20,Great Speech,9,0.18394123606889562
0,21,Great Speech,0,0.5
1,21,Great Speech,1,0.19743589743589746
2,21,Great Speech,2,0.16666666666666666
3,21,Great Speech,3,0.35714285714285715
4,21,Great Speech,4,0.19666666666666666
5,21,Great Speech,5,0.0
6,21,Great Speech,6,0.18690476190476193
7,21,Great Speech,7,-0.05625
8,21,Great Speech,8,-0.10194805194805197
9,21,Great Speech,9,0.05001418951418952
0,22,Great Speech,0,0.03333333333333334
1,22,Great Speech,1,0.20416666666666666
2,22,Great Speech,2,0.17499999999999996
3,22,Great Speech,3,0.08706140350877194
4,22,Great Speech,4,0.057387955182072826
5,22,Great Speech,5,-0.02631578947368421
6,22,Great Speech,6,0.03441358024691359
7,22,Great Speech,7,0.15311983471074378
8,22,Great Speech,8,0.17142857142857143
9,22,Great Speech,9,0.2256313131313131
0,23,Great Speech,0,0.15
1,23,Great Speech,1,0.04305555555555556
2,23,Great Speech,2,-0.05
3,23,Great Speech,3,0.27210884353741494
4,23,Great Speech,4,0.08333333333333333
5,23,Great Speech,5,0.4222222222222222
6,23,Great Speech,6,-0.0475378787878788
7,23,Great Speech,7,-0.24062499999999998
8,23,Great Speech,8,0.1051677489177489
9,23,Great Speech,9,0.014863147605083076
0,24,Great Speech,0,0.002083333333333326
1,24,Great Speech,1,0.16851851851851854
2,24,Great Speech,2,0.078125
3,24,Great Speech,3,0.153024453024453
4,24,Great Speech,4,0.003968253968253968
5,24,Great Speech,5,0.10977202145680406
6,24,Great Speech,6,0.2670995670995671
7,24,Great Speech,7,0.1226190476190476
8,24,Great Speech,8,0.03308270676691731
9,24,Great Speech,9,0.1488466295609153
0,25,Great Speech,0,0.00013492063492062667
1,25,Great Speech,1,0.07690452663278752
2,25,Great Speech,2,0.020634920634920634
3,25,Great Speech,3,-0.05926406926406926
4,25,Great Speech,4,0.04341013824884793
5,25,Great Speech,5,-0.06267942583732057
6,25,Great Speech,6,0.125891265597148
7,25,Great Speech,7,0.1443097643097643
8,25,Great Speech,8,0.06402831402831402
9,25,Great Speech,9,0.11943521594684388
0,26,Great Speech,0,0.1
1,26,Great Speech,1,0.06166666666666666
2,26,Great Speech,2,-0.1
3,26,Great Speech,3,0.09153873903873903
4,26,Great Speech,4,0.06666666666666667
5,26,Great Speech,5,0.013690476190476185
6,26,Great Speech,6,0.02777777777777778
7,26,Great Speech,7,0.0975
8,26,Great Speech,8,-0.07500000000000004
9,26,Great Speech,9,0.01578787878787879
0,27,Great Speech,0,0.08173285048285048
1,27,Great Speech,1,0.04322916666666667
2,27,Great Speech,2,0.035185185185185194
3,27,Great Speech,3,0.08482323232323231
4,27,Great Speech,4,0.06423611111111112
5,27,Great Speech,5,0.05447359810731903
6,27,Great Speech,6,-0.00714285714285715
7,27,Great Speech,7,-0.01311688311688311
8,27,Great Speech,8,0.18333333333333335
9,27,Great Speech,9,0.24
0,28,Great Speech,0,0.0
1,28,Great Speech,1,-1.0
2,28,Great Speech,2,0.575
3,28,Great Speech,3,0.5535714285714286
4,28,Great Speech,4,0.25416666666666665
5,28,Great Speech,5,-0.2851010101010101
6,28,Great Speech,6,0.4
7,28,Great Speech,7,0.5
8,28,Great Speech,8,0.8
9,28,Great Speech,9,0.13
0,29,Great Speech,0,0.10681818181818183
1,29,Great Speech,1,0.08571428571428572
2,29,Great Speech,2,0.16358585858585858
3,29,Great Speech,3,0.1545112781954887
4,29,Great Speech,4,0.14416666666666664
5,29,Great Speech,5,0.18460317460317463
6,29,Great Speech,6,0.06077922077922078
7,29,Great Speech,7,0.09336580086580087
8,29,Great Speech,8,0.02433862433862434
9,29,Great Speech,9,0.1688311688311688
0,30,Great Speech,0,0.6083333333333334
1,30,Great Speech,1,0.20500000000000002
2,30,Great Speech,2,0.1752020202020202
3,30,Great Speech,3,0.4625
4,30,Great Speech,4,0.2436363636363636
5,30,Great Speech,5,0.07727272727272726
6,30,Great Speech,6,0.4132231404958677
7,30,Great Speech,7,0.3535037878787879
8,30,Great Speech,8,0.10909090909090911
9,30,Great Speech,9,0.2698484848484848
0,31,Great Speech,0,0.0
1,31,Great Speech,1,0.12195767195767197
2,31,Great Speech,2,-0.041041666666666664
3,31,Great Speech,3,0.07333333333333333
4,31,Great Speech,4,0.2248961038961039
5,31,Great Speech,5,0.22890812890812887
6,31,Great Speech,6,0.14907407407407408
7,31,Great Speech,7,0.19166666666666665
8,31,Great Speech,8,0.15958333333333335
9,31,Great Speech,9,0.06895833333333336
0,32,Great Speech,0,0.09487233445566777
1,32,Great Speech,1,-0.001783549783549785
2,32,Great Speech,2,0.17864583333333334
3,32,Great Speech,3,0.10754676870748302
4,32,Great Speech,4,0.18140575396825395
5,32,Great Speech,5,0.14754088504088503
6,32,Great Speech,6,0.10717457829526798
7,32,Great Speech,7,0.13889588744588746
8,32,Great Speech,8,0.1657010957792208
9,32,Great Speech,9,0.3807692307692308
0,33,Great Speech,0,0.7
1,33,Great Speech,1,0.5
2,33,Great Speech,2,-0.2104166666666667
3,33,Great Speech,3,-0.4
4,33,Great Speech,4,-0.025925925925925908
5,33,Great Speech,5,0.2786666666666667
6,33,Great Speech,6,0.7
7,33,Great Speech,7,0.06954978354978354
8,33,Great Speech,8,0.8
9,33,Great Speech,9,0.11305521522502654
0,34,Great Speech,0,0.21280701754385967
1,34,Great Speech,1,0.09762098021026591
2,34,Great Speech,2,-0.008333333333333335
3,34,Great Speech,3,0.1652738565782044
4,34,Great Speech,4,0.057692307692307696
5,34,Great Speech,5,-0.10535714285714283
6,34,Great Speech,6,-0.08210227272727273
7,34,Great Speech,7,0.08824148824148827
8,34,Great Speech,8,0.12641934046345812
9,34,Great Speech,9,0.1417114494700702
0,35,Great Speech,0,0.060511363636363655
1,35,Great Speech,1,0.024936868686868677
2,35,Great Speech,2,0.0011056166056166094
3,35,Great Speech,3,-0.050056818181818175
4,35,Great Speech,4,-0.1982638888888889
5,35,Great Speech,5,0.005615942028985506
6,35,Great Speech,6,0.17473958333333334
7,35,Great Speech,7,0.1458077528532074
8,35,Great Speech,8,0.23452380952380952
9,35,Great Speech,9,0.09583333333333334
0,36,Great Speech,0,0.17424242424242423
1,36,Great Speech,1,0.0469187675070028
2,36,Great Speech,2,-0.125
3,36,Great Speech,3,0.25336481700118063
4,36,Great Speech,4,0.011904761904761899
5,36,Great Speech,5,0.09351851851851853
6,36,Great Speech,6,0.1638257575757576
7,36,Great Speech,7,0.03040404040404039
8,36,Great Speech,8,0.23809523809523808
9,36,Great Speech,9,-0.5
0,37,Great Speech,0,0.4428571428571428
1,37,Great Speech,1,0.0
2,37,Great Speech,2,0.3333333333333333
3,37,Great Speech,3,0.4928571428571429
4,37,Great Speech,4,-0.18333333333333335
5,37,Great Speech,5,0.3458333333333334
6,37,Great Speech,6,-0.09999999999999999
7,37,Great Speech,7,0.20808080808080806
8,37,Great Speech,8,0.07083333333333333
9,37,Great Speech,9,0.20061891233766238
0,38,Great Speech,0,-0.04219924812030075
1,38,Great Speech,1,-0.2
2,38,Great Speech,2,0.14285714285714288
3,38,Great Speech,3,-0.3163265306122449
4,38,Great Speech,4,0.22519841269841268
5,38,Great Speech,5,-0.03668154761904762
6,38,Great Speech,6,0.12958333333333333
7,38,Great Speech,7,-0.17499999999999993
8,38,Great Speech,8,-0.09000000000000001
9,38,Great Speech,9,0.06047619047619049
0,39,Great Speech,0,0.09999999999999999
1,39,Great Speech,1,-0.016925351071692532
2,39,Great Speech,2,0.0
3,39,Great Speech,3,0.16666666666666666
4,39,Great Speech,4,0.12134920634920635
5,39,Great Speech,5,0.0
6,39,Great Speech,6,0.04545454545454545
7,39,Great Speech,7,0.16666666666666666
8,39,Great Speech,8,0.0
9,39,Great Speech,9,0.12283549783549784
0,40,Great Speech,0,-0.041666666666666664
1,40,Great Speech,1,0.10681818181818183
2,40,Great Speech,2,-0.12395833333333334
3,40,Great Speech,3,0.010294117647058829
4,40,Great Speech,4,0.25
5,40,Great Speech,5,0.15158730158730158
6,40,Great Speech,6,0.8
7,40,Great Speech,7,0.18942669172932333
8,40,Great Speech,8,0.06666666666666667
9,40,Great Speech,9,0.12892512077294688
0,41,Great Speech,0,0.37499999999999994
1,41,Great Speech,1,0.08772893772893774
2,41,Great Speech,2,0.525
3,41,Great Speech,3,0.78
4,41,Great Speech,4,0.44727272727272727
5,41,Great Speech,5,0.18181818181818182
6,41,Great Speech,6,0.04999999999999999
7,41,Great Speech,7,0.08000000000000002
8,41,Great Speech,8,0.05255102040816327
9,41,Great Speech,9,0.47666666666666674
0,42,Great Speech,0,0.24683333333333338
1,42,Great Speech,1,0.28876314162028455
2,42,Great Speech,2,0.1052308802308802
3,42,Great Speech,3,0.11635472370766488
4,42,Great Speech,4,0.22189360119047621
5,42,Great Speech,5,0.23376758658008662
6,42,Great Speech,6,0.06317460317460317
7,42,Great Speech,7,0.24006696428571428
8,42,Great Speech,8,0.17530612244897956
9,42,Great Speech,9,0.0794452887537994
0,43,Great Speech,0,0.41392045454545445
1,43,Great Speech,1,0.3
2,43,Great Speech,2,-0.00833333333333334
3,43,Great Speech,3,-0.1875
4,43,Great Speech,4,0.1
5,43,Great Speech,5,0.475
6,43,Great Speech,6,0.16558441558441558
7,43,Great Speech,7,0.24675324675324675
8,43,Great Speech,8,0.3
9,43,Great Speech,9,0.23655403238736572
0,44,Great Speech,0,0.19625435540069686
1,44,Great Speech,1,0.018158143939393943
2,44,Great Speech,2,0.17136568386568385
3,44,Great Speech,3,0.045000000000000005
4,44,Great Speech,4,0.09243197278911564
5,44,Great Speech,5,0.14605263157894738
6,44,Great Speech,6,0.012110389610389617
7,44,Great Speech,7,0.10225340136054421
8,44,Great Speech,8,0.35
9,44,Great Speech,9,0.6499999999999999
0,45,Great Speech,0,0.03679267161410019
1,45,Great Speech,1,0.03640926640926641
2,45,Great Speech,2,0.05
3,45,Great Speech,3,0.4133333333333333
4,45,Great Speech,4,0.0
5,45,Great Speech,5,0.0175595238095238
6,45,Great Speech,6,0.1357142857142857
7,45,Great Speech,7,0.0
8,45,Great Speech,8,0.018750000000000003
9,45,Great Speech,9,0.09563841421736158
0,46,Great Speech,0,0.11420841784478147
1,46,Great Speech,1,0.17447619047619056
2,46,Great Speech,2,0.08243867243867242
3,46,Great Speech,3,0.10241894630192498
4,46,Great Speech,4,0.1193899678303348
5,46,Great Speech,5,0.08201779701779702
6,46,Great Speech,6,0.03603088023088023
7,46,Great Speech,7,0.11621894087647514
8,46,Great Speech,8,-0.007056590752242909
9,46,Great Speech,9,0.14281385281385284
0,47,Great Speech,0,0.004166666666666652
1,47,Great Speech,1,0.1537037037037037
2,47,Great Speech,2,0.1296176046176046
3,47,Great Speech,3,0.0
4,47,Great Speech,4,-0.16590909090909092
5,47,Great Speech,5,0.16428571428571428
6,47,Great Speech,6,0.06460317460317459
7,47,Great Speech,7,-0.21250000000000002
8,47,Great Speech,8,0.024216450216450216
9,47,Great Speech,9,0.009895833333333333
0,48,Great Speech,0,0.07795454545454547
1,48,Great Speech,1,0.11850649350649352
2,48,Great Speech,2,0.0986405723905724
3,48,Great Speech,3,-0.12518262987012985
4,48,Great Speech,4,0.009336875245966166
5,48,Great Speech,5,-0.12398148148148147
6,48,Great Speech,6,0.09272123225611598
7,48,Great Speech,7,0.19271026592455162
8,48,Great Speech,8,0.3303030303030303
9,48,Great Speech,9,0.29427820043204655
0,49,Great Speech,0,0.014955357142857154
1,49,Great Speech,1,0.09999999999999999
2,49,Great Speech,2,0.39285714285714285
3,49,Great Speech,3,0.17757936507936503
4,49,Great Speech,4,0.3138888888888889
5,49,Great Speech,5,-0.1796875
6,49,Great Speech,6,0.016666666666666666
7,49,Great Speech,7,-0.016666666666666666
8,49,Great Speech,8,0.0
9,49,Great Speech,9,0.1388888888888889
0,50,Great Speech,0,0.10876767676767671
1,50,Great Speech,1,0.1269132653061224
2,50,Great Speech,2,0.17201125541125553
3,50,Great Speech,3,0.1261823222439661
4,50,Great Speech,4,0.16910290796160354
5,50,Great Speech,5,0.17529627962796282
6,50,Great Speech,6,0.19267316017316025
7,50,Great Speech,7,0.2634065934065935
8,50,Great Speech,8,0.2536906970580441
9,50,Great Speech,9,0.30921814671814674
0,51,Great Speech,0,0.3995238095238095
1,51,Great Speech,1,0.05833333333333334
2,51,Great Speech,2,0.02476190476190477
3,51,Great Speech,3,-0.0510204081632653
4,51,Great Speech,4,0.07003968253968255
5,51,Great Speech,5,-0.225
6,51,Great Speech,6,0.016666666666666673
7,51,Great Speech,7,-0.0625
8,51,Great Speech,8,0.24292929292929294
9,51,Great Speech,9,0.10924197330447331
0,52,Great Speech,0,0.284375
1,52,Great Speech,1,-0.4
2,52,Great Speech,2,0.1195138888888889
3,52,Great Speech,3,0.4600000000000001
4,52,Great Speech,4,0.09999999999999999
5,52,Great Speech,5,0.03916256157635468
6,52,Great Speech,6,0.009728234728234742
7,52,Great Speech,7,0.1271619047619048
8,52,Great Speech,8,-0.1708333333333333
9,52,Great Speech,9,-0.037500000000000006
0,53,Great Speech,0,0.37333333333333335
1,53,Great Speech,1,0.06428571428571428
2,53,Great Speech,2,0.0
3,53,Great Speech,3,-0.16666666666666666
4,53,Great Speech,4,0.3738095238095238
5,53,Great Speech,5,0.012804232804232818
6,53,Great Speech,6,-0.2416666666666667
7,53,Great Speech,7,0.10332142857142859
8,53,Great Speech,8,-0.1
9,53,Great Speech,9,0.014492753623188389
0,54,Great Speech,0,0.21804494525082768
1,54,Great Speech,1,0.15422707137823416
2,54,Great Speech,2,0.1666905605217294
3,54,Great Speech,3,0.10467687074829932
4,54,Great Speech,4,0.048490698490698494
5,54,Great Speech,5,0.2844212804739121
6,54,Great Speech,6,0.0038548752834467194
7,54,Great Speech,7,0.17930194805194805
8,54,Great Speech,8,0.1615079365079365
9,54,Great Speech,9,0.1926282051282051
0,55,Great Speech,0,0.0
1,55,Great Speech,1,0.10684523809523808
2,55,Great Speech,2,-0.16346153846153846
3,55,Great Speech,3,0.305
4,55,Great Speech,4,0.12280986557302348
5,55,Great Speech,5,0.13267045454545454
6,55,Great Speech,6,-0.0197278911564626
7,55,Great Speech,7,0.13992936887673726
8,55,Great Speech,8,0.19142857142857145
9,55,Great Speech,9,0.19625496031746034
0,56,Great Speech,0,-0.5
1,56,Great Speech,1,0.06
2,56,Great Speech,2,0.004761904761904768
3,56,Great Speech,3,0.1866666666666667
4,56,Great Speech,4,0.16666666666666666
5,56,Great Speech,5,-1.0
6,56,Great Speech,6,0.11111111111111112
7,56,Great Speech,7,0.0
8,56,Great Speech,8,0.0
9,56,Great Speech,9,-0.05469696969696969
0,57,Great Speech,0,0.2976190476190476
1,57,Great Speech,1,0.3083333333333333
2,57,Great Speech,2,0.10773809523809524
3,57,Great Speech,3,0.2576923076923077
4,57,Great Speech,4,0.06387043189368771
5,57,Great Speech,5,0.1207142857142857
6,57,Great Speech,6,-0.033993783993784006
7,57,Great Speech,7,-0.12708333333333333
8,57,Great Speech,8,0.056530612244897964
9,57,Great Speech,9,0.026380952380952383
0,58,Great Speech,0,0.14042207792207792
1,58,Great Speech,1,-0.09000000000000001
2,58,Great Speech,2,0.18727272727272729
3,58,Great Speech,3,0.1767255892255892
4,58,Great Speech,4,0.32418831168831164
5,58,Great Speech,5,0.028070175438596502
6,58,Great Speech,6,0.09201101928374657
7,58,Great Speech,7,0.12882723337268792
8,58,Great Speech,8,0.23216036414565827
9,58,Great Speech,9,0.19947359307359305
0,59,Great Speech,0,0.0
1,59,Great Speech,1,0.0
2,59,Great Speech,2,0.0
3,59,Great Speech,3,0.0
4,59,Great Speech,4,0.0
5,59,Great Speech,5,0.0
6,59,Great Speech,6,0.0
7,59,Great Speech,7,0.0
8,59,Great Speech,8,0.0
9,59,Great Speech,9,0.20906440498277234
0,60,Great Speech,0,0.05
1,60,Great Speech,1,0.0
2,60,Great Speech,2,0.022245179063360876
3,60,Great Speech,3,0.12642045454545453
4,60,Great Speech,4,0.2991110080395795
5,60,Great Speech,5,0.13106060606060604
6,60,Great Speech,6,0.09047619047619047
7,60,Great Speech,7,0.07338383838383837
8,60,Great Speech,8,0.375
9,60,Great Speech,9,0.3325
0,61,Great Speech,0,0.13946428571428574
1,61,Great Speech,1,0.16065469340785793
2,61,Great Speech,2,0.09132215007215007
3,61,Great Speech,3,0.025898472596585804
4,61,Great Speech,4,0.08997395833333333
5,61,Great Speech,5,0.2082604470359572
6,61,Great Speech,6,-0.02685185185185186
7,61,Great Speech,7,0.11431031090122
8,61,Great Speech,8,0.11763392857142857
9,61,Great Speech,9,0.1469376026272578
0,62,Great Speech,0,0.09927937915742792
1,62,Great Speech,1,0.028758166076347895
2,62,Great Speech,2,0.1150942195059842
3,62,Great Speech,3,0.0946453168044077
4,62,Great Speech,4,0.11688596491228069
5,62,Great Speech,5,0.15398909732243066
6,62,Great Speech,6,0.05727594477594476
7,62,Great Speech,7,0.06996688050904917
8,62,Great Speech,8,0.11039562289562292
9,62,Great Speech,9,0.14769041345128303
0,63,Great Speech,0,0.0
1,63,Great Speech,1,0.3333333333333333
2,63,Great Speech,2,0.2041666666666667
3,63,Great Speech,3,0.25
4,63,Great Speech,4,0.0
5,63,Great Speech,5,0.15
6,63,Great Speech,6,0.125
7,63,Great Speech,7,0.2882275132275132
8,63,Great Speech,8,0.3333333333333333
9,63,Great Speech,9,0.2045918367346939
0,64,Great Speech,0,0.15714285714285714
1,64,Great Speech,1,0.28789682539682543
2,64,Great Speech,2,0.20426240426240425
3,64,Great Speech,3,0.04308473389355742
4,64,Great Speech,4,0.04963984103328364
5,64,Great Speech,5,-0.0020737327188940216
6,64,Great Speech,6,0.012499999999999997
7,64,Great Speech,7,0.08361344537815123
8,64,Great Speech,8,0.1825355596784168
9,64,Great Speech,9,0.15325190682333542
0,65,Great Speech,0,0.09767398006034367
1,65,Great Speech,1,0.17460317460317457
2,65,Great Speech,2,0.006679894179894184
3,65,Great Speech,3,0.15551378446115285
4,65,Great Speech,4,0.23698308270676693
5,65,Great Speech,5,0.11666666666666667
6,65,Great Speech,6,0.06536796536796538
7,65,Great Speech,7,0.07400278293135436
8,65,Great Speech,8,0.10892857142857143
9,65,Great Speech,9,0.09445155783183949
0,66,Great Speech,0,0.07962962962962962
1,66,Great Speech,1,0.0
2,66,Great Speech,2,-0.36875
3,66,Great Speech,3,0.11851851851851852
4,66,Great Speech,4,0.06442307692307692
5,66,Great Speech,5,-0.06845238095238096
6,66,Great Speech,6,-0.018939393939393933
7,66,Great Speech,7,0.15789473684210528
8,66,Great Speech,8,-0.025
9,66,Great Speech,9,0.20021816807531095
0,67,Great Speech,0,0.8
1,67,Great Speech,1,0.40714285714285714
2,67,Great Speech,2,0.0
3,67,Great Speech,3,0.0
4,67,Great Speech,4,-0.15
5,67,Great Speech,5,1.0
6,67,Great Speech,6,0.32727272727272727
7,67,Great Speech,7,0.19642857142857142
8,67,Great Speech,8,0.27416603004838297
9,67,Great Speech,9,0.0
0,68,Great Speech,0,0.13347402597402597
1,68,Great Speech,1,0.11989247311827957
2,68,Great Speech,2,0.03811327561327561
3,68,Great Speech,3,-0.047142857142857146
4,68,Great Speech,4,0.11764455782312926
5,68,Great Speech,5,0.28750000000000003
6,68,Great Speech,6,0.24523809523809523
7,68,Great Speech,7,0.24774891774891775
8,68,Great Speech,8,-0.04151785714285715
9,68,Great Speech,9,0.149906015037594
0,69,Great Speech,0,0.2625
1,69,Great Speech,1,0.15694444444444444
2,69,Great Speech,2,0.20857142857142855
3,69,Great Speech,3,0.1433080808080808
4,69,Great Speech,4,0.08727272727272727
5,69,Great Speech,5,0.21980519480519478
6,69,Great Speech,6,0.17714285714285716
7,69,Great Speech,7,0.2333333333333333
8,69,Great Speech,8,0.26388888888888884
9,69,Great Speech,9,0.2669642857142857
0,70,Great Speech,0,0.17431972789115643
1,70,Great Speech,1,0.10869565217391307
2,70,Great Speech,2,0.12358630952380951
3,70,Great Speech,3,0.05909863945578232
4,70,Great Speech,4,0.059722222222222225
5,70,Great Speech,5,0.095
6,70,Great Speech,6,0.10252267573696146
7,70,Great Speech,7,0.15759871441689624
8,70,Great Speech,8,0.04100624754033845
9,70,Great Speech,9,0.1761518243661101
0,71,Great Speech,0,0.03707482993197279
1,71,Great Speech,1,0.03571428571428571
2,71,Great Speech,2,0.018750000000000003
3,71,Great Speech,3,0.13873851294903927
4,71,Great Speech,4,-0.05
5,71,Great Speech,5,-0.5
6,71,Great Speech,6,0.08250000000000002
7,71,Great Speech,7,0.01849816849816851
8,71,Great Speech,8,0.11416666666666667
9,71,Great Speech,9,0.04754215083162452
0,72,Great Speech,0,-0.03784722222222223
1,72,Great Speech,1,-0.11372549019607843
2,72,Great Speech,2,0.24166666666666664
3,72,Great Speech,3,0.007200460829493083
4,72,Great Speech,4,0.032397959183673476
5,72,Great Speech,5,-0.0536488095238095
6,72,Great Speech,6,0.13015873015873017
7,72,Great Speech,7,-0.31929824561403514
8,72,Great Speech,8,-0.39299719887955187
9,72,Great Speech,9,0.043758320532514085
0,73,Great Speech,0,-0.3125
1,73,Great Speech,1,0.06644683441558441
2,73,Great Speech,2,0.18479166666666666
3,73,Great Speech,3,0.013636363636363646
4,73,Great Speech,4,0.176984126984127
5,73,Great Speech,5,0.3
6,73,Great Speech,6,0.2423076923076923
7,73,Great Speech,7,0.08874458874458874
8,73,Great Speech,8,0.19539888682745823
9,73,Great Speech,9,-0.03733044733044736
0,74,Great Speech,0,0.4224937343358396
1,74,Great Speech,1,0.2642857142857143
2,74,Great Speech,2,0.01793560606060606
3,74,Great Speech,3,0.09614512471655326
4,74,Great Speech,4,-0.04583333333333334
5,74,Great Speech,5,0.17628205128205127
6,74,Great Speech,6,0.24019607843137253
7,74,Great Speech,7,0.24576118326118326
8,74,Great Speech,8,0.2291666666666667
9,74,Great Speech,9,0.39791666666666664
0,75,Great Speech,0,0.011666666666666659
1,75,Great Speech,1,0.14468221172766627
2,75,Great Speech,2,-0.1
3,75,Great Speech,3,-0.08750000000000002
4,75,Great Speech,4,0.05273917748917748
5,75,Great Speech,5,-0.030000000000000006
6,75,Great Speech,6,0.1462566844919786
7,75,Great Speech,7,-0.03787878787878788
8,75,Great Speech,8,0.20740740740740743
9,75,Great Speech,9,0.22142607392607394
0,76,Great Speech,0,-0.06818181818181818
1,76,Great Speech,1,0.0
2,76,Great Speech,2,-0.2
3,76,Great Speech,3,0.26845238095238094
4,76,Great Speech,4,-0.12424242424242421
5,76,Great Speech,5,0.05208333333333333
6,76,Great Speech,6,0.5
7,76,Great Speech,7,0.22770562770562772
8,76,Great Speech,8,0.4269412878787878
9,76,Great Speech,9,0.09603174603174605
0,77,Typical Speech,0,0.29
1,77,Typical Speech,1,0.05833333333333335
2,77,Typical Speech,2,-0.05
3,77,Typical Speech,3,0.17500000000000002
4,77,Typical Speech,4,0.028124999999999997
5,77,Typical Speech,5,0.0
6,77,Typical Speech,6,0.0
7,77,Typical Speech,7,0.5
8,77,Typical Speech,8,0.4499999999999999
9,77,Typical Speech,9,0.35
0,78,Typical Speech,0,0.09142857142857144
1,78,Typical Speech,1,0.1377551020408163
2,78,Typical Speech,2,0.230625
3,78,Typical Speech,3,0.04583333333333333
4,78,Typical Speech,4,0.1754285714285714
5,78,Typical Speech,5,0.315
6,78,Typical Speech,6,0.14087301587301587
7,78,Typical Speech,7,0.07857142857142856
8,78,Typical Speech,8,0.09739883305100698
9,78,Typical Speech,9,0.1851084603801995
0,79,Typical Speech,0,0.18196428571428572
1,79,Typical Speech,1,-0.012239583333333335
2,79,Typical Speech,2,0.05063852813852814
3,79,Typical Speech,3,0.08600596557913633
4,79,Typical Speech,4,0.1824074074074074
5,79,Typical Speech,5,0.18744318181818184
6,79,Typical Speech,6,9.740259740259494e-05
7,79,Typical Speech,7,0.15313852813852813
8,79,Typical Speech,8,0.19604978354978356
9,79,Typical Speech,9,0.012063120702826603
0,80,Typical Speech,0,0.0
1,80,Typical Speech,1,0.075
2,80,Typical Speech,2,0.2
3,80,Typical Speech,3,0.0
4,80,Typical Speech,4,0.0625
5,80,Typical Speech,5,0.14285714285714285
6,80,Typical Speech,6,0.03333333333333333
7,80,Typical Speech,7,0.25727272727272726
8,80,Typical Speech,8,0.06883116883116883
9,80,Typical Speech,9,0.12757242757242754
0,81,Typical Speech,0,0.21666666666666665
1,81,Typical Speech,1,0.23124999999999998
2,81,Typical Speech,2,0.1202813852813853
3,81,Typical Speech,3,-0.04285714285714286
4,81,Typical Speech,4,0.3607142857142857
5,81,Typical Speech,5,0.0
6,81,Typical Speech,6,0.048835403726708096
7,81,Typical Speech,7,0.012500000000000004
8,81,Typical Speech,8,0.1638888888888889
9,81,Typical Speech,9,0.315181031090122
0,82,Typical Speech,0,0.0
1,82,Typical Speech,1,0.18888888888888888
2,82,Typical Speech,2,-0.09999999999999999
3,82,Typical Speech,3,0.3
4,82,Typical Speech,4,-0.03333333333333333
5,82,Typical Speech,5,0.15
6,82,Typical Speech,6,-0.18520923520923524
7,82,Typical Speech,7,0.16666666666666666
8,82,Typical Speech,8,0.08449197860962566
9,82,Typical Speech,9,0.07332555265247576
0,83,Typical Speech,0,0.0
1,83,Typical Speech,1,0.0
2,83,Typical Speech,2,0.5333333333333333
3,83,Typical Speech,3,-0.044444444444444446
4,83,Typical Speech,4,0.20000000000000004
5,83,Typical Speech,5,0.0
6,83,Typical Speech,6,0.0
7,83,Typical Speech,7,0.0
8,83,Typical Speech,8,0.13390269151138715
9,83,Typical Speech,9,0.0
0,84,Typical Speech,0,0.0
1,84,Typical Speech,1,0.0
2,84,Typical Speech,2,0.0
3,84,Typical Speech,3,0.0
4,84,Typical Speech,4,0.0
5,84,Typical Speech,5,0.0
6,84,Typical Speech,6,0.0
7,84,Typical Speech,7,0.0
8,84,Typical Speech,8,0.0
9,84,Typical Speech,9,0.10027625882889044
0,85,Typical Speech,0,0.0
1,85,Typical Speech,1,0.0
2,85,Typical Speech,2,0.0
3,85,Typical Speech,3,0.0
4,85,Typical Speech,4,0.0
5,85,Typical Speech,5,0.0
6,85,Typical Speech,6,0.0
7,85,Typical Speech,7,0.0
8,85,Typical Speech,8,0.0
9,85,Typical Speech,9,0.06932330827067669
0,86,Typical Speech,0,-0.21666666666666667
1,86,Typical Speech,1,0.11100131752305666
2,86,Typical Speech,2,0.0764923258559622
3,86,Typical Speech,3,-0.0007098765432098771
4,86,Typical Speech,4,0.07068985307621675
5,86,Typical Speech,5,0.04607843137254902
6,86,Typical Speech,6,0.18492063492063493
7,86,Typical Speech,7,-0.02351190476190476
8,86,Typical Speech,8,0.0824
9,86,Typical Speech,9,0.03472222222222223
0,87,Typical Speech,0,-0.06809523809523808
1,87,Typical Speech,1,0.08888888888888889
2,87,Typical Speech,2,0.06060606060606061
3,87,Typical Speech,3,0.02252834467120182
4,87,Typical Speech,4,0.021428571428571432
5,87,Typical Speech,5,-0.014166666666666666
6,87,Typical Speech,6,0.044834710743801645
7,87,Typical Speech,7,0.007349896480331263
8,87,Typical Speech,8,0.1202651515151515
9,87,Typical Speech,9,-0.00036525974025974906
0,88,Typical Speech,0,-0.2
1,88,Typical Speech,1,0.6833333333333333
2,88,Typical Speech,2,0.0
3,88,Typical Speech,3,0.8
4,88,Typical Speech,4,0.3055555555555555
5,88,Typical Speech,5,0.15555555555555556
6,88,Typical Speech,6,-0.255
7,88,Typical Speech,7,-0.06
8,88,Typical Speech,8,0.2281954887218045
9,88,Typical Speech,9,0.21999999999999997
0,89,Typical Speech,0,0.05254629629629629
1,89,Typical Speech,1,0.41904761904761906
2,89,Typical Speech,2,0.2046190476190476
3,89,Typical Speech,3,0.18022486772486773
4,89,Typical Speech,4,0.18068452380952382
5,89,Typical Speech,5,0.07602813852813853
6,89,Typical Speech,6,-0.004166666666666657
7,89,Typical Speech,7,0.08641233766233768
8,89,Typical Speech,8,0.3346349206349207
9,89,Typical Speech,9,0.15971428571428567
0,90,Typical Speech,0,0.05959809964047252
1,90,Typical Speech,1,0.06870629370629372
2,90,Typical Speech,2,0.010300586510263932
3,90,Typical Speech,3,0.0425619834710744
4,90,Typical Speech,4,0.05585121400338792
5,90,Typical Speech,5,0.07910695626212867
6,90,Typical Speech,6,0.06713982941661513
7,90,Typical Speech,7,0.11244137806637809
8,90,Typical Speech,8,0.06881441970727686
9,90,Typical Speech,9,-0.008196386946386943
0,91,Typical Speech,0,0.0
1,91,Typical Speech,1,0.0
2,91,Typical Speech,2,0.0
3,91,Typical Speech,3,0.0
4,91,Typical Speech,4,0.0
5,91,Typical Speech,5,0.0
6,91,Typical Speech,6,0.0
7,91,Typical Speech,7,0.0
8,91,Typical Speech,8,0.0
9,91,Typical Speech,9,0.13636363636363635
0,92,Typical Speech,0,0.0
1,92,Typical Speech,1,0.0
2,92,Typical Speech,2,0.65
3,92,Typical Speech,3,0.33666666666666667
4,92,Typical Speech,4,0.16507936507936508
5,92,Typical Speech,5,0.16666666666666666
6,92,Typical Speech,6,0.0
7,92,Typical Speech,7,0.23714285714285716
8,92,Typical Speech,8,0.0
9,92,Typical Speech,9,0.19856695029108823
0,93,Typical Speech,0,0.0
1,93,Typical Speech,1,0.0
2,93,Typical Speech,2,-0.30000000000000004
3,93,Typical Speech,3,0.4083333333333334
4,93,Typical Speech,4,0.3375
5,93,Typical Speech,5,0.0
6,93,Typical Speech,6,-0.2916666666666667
7,93,Typical Speech,7,-0.05
8,93,Typical Speech,8,0.3666666666666667
9,93,Typical Speech,9,0.29714285714285715
0,94,Typical Speech,0,0.7
1,94,Typical Speech,1,0.0
2,94,Typical Speech,2,-0.04772727272727273
3,94,Typical Speech,3,-0.23333333333333334
4,94,Typical Speech,4,0.0
5,94,Typical Speech,5,0.13636363636363635
6,94,Typical Speech,6,0.10909090909090909
7,94,Typical Speech,7,0.0
8,94,Typical Speech,8,0.13636363636363635
9,94,Typical Speech,9,0.13897330447330447
0,95,Typical Speech,0,0.1539975649350649
1,95,Typical Speech,1,0.11413892324606606
2,95,Typical Speech,2,0.13208311998634575
3,95,Typical Speech,3,0.11938888888888888
4,95,Typical Speech,4,0.08620851370851372
5,95,Typical Speech,5,0.13287647537647537
6,95,Typical Speech,6,0.1336375977823346
7,95,Typical Speech,7,0.07033628697691197
8,95,Typical Speech,8,0.0738095238095238
9,95,Typical Speech,9,0.10133016208597605
0,96,Typical Speech,0,0.08589743589743588
1,96,Typical Speech,1,0.0
2,96,Typical Speech,2,0.0
3,96,Typical Speech,3,-0.1499999999999999
4,96,Typical Speech,4,0.0
5,96,Typical Speech,5,0.2857142857142857
6,96,Typical Speech,6,0.2857142857142857
7,96,Typical Speech,7,0.0
8,96,Typical Speech,8,0.2857142857142857
9,96,Typical Speech,9,0.0
0,97,Typical Speech,0,0.0
1,97,Typical Speech,1,0.005729166666666664
2,97,Typical Speech,2,0.11388888888888887
3,97,Typical Speech,3,0.2858630952380952
4,97,Typical Speech,4,-0.2611111111111111
5,97,Typical Speech,5,0.17500000000000002
6,97,Typical Speech,6,0.1469151138716356
7,97,Typical Speech,7,0.07863636363636364
8,97,Typical Speech,8,0.23896103896103893
9,97,Typical Speech,9,0.08622706658420944
0,98,Typical Speech,0,0.0
1,98,Typical Speech,1,0.0
2,98,Typical Speech,2,0.0
3,98,Typical Speech,3,0.0
4,98,Typical Speech,4,0.0
5,98,Typical Speech,5,0.0
6,98,Typical Speech,6,0.0
7,98,Typical Speech,7,0.0
8,98,Typical Speech,8,0.0
9,98,Typical Speech,9,0.18815426997245177
0,99,Typical Speech,0,0.0
1,99,Typical Speech,1,0.0
2,99,Typical Speech,2,0.0
3,99,Typical Speech,3,0.0
4,99,Typical Speech,4,0.0
5,99,Typical Speech,5,0.0
6,99,Typical Speech,6,0.0
7,99,Typical Speech,7,0.0
8,99,Typical Speech,8,0.0
9,99,Typical Speech,9,0.20406699889258026
0,100,Typical Speech,0,0.5171428571428571
1,100,Typical Speech,1,0.22142857142857145
2,100,Typical Speech,2,0.18174517281660144
3,100,Typical Speech,3,0.12791950113378683
4,100,Typical Speech,4,0.2791666666666667
5,100,Typical Speech,5,0.0765625
6,100,Typical Speech,6,0.021428571428571422
7,100,Typical Speech,7,0.21421296296296294
8,100,Typical Speech,8,0.1051948051948052
9,100,Typical Speech,9,0.1897020626432391
0,101,Typical Speech,0,0.17040816326530608
1,101,Typical Speech,1,0.07962894248608533
2,101,Typical Speech,2,-0.12696834415584415
3,101,Typical Speech,3,0.19537815126050417
4,101,Typical Speech,4,0.1710654936461388
5,101,Typical Speech,5,-0.055135836385836384
6,101,Typical Speech,6,0.11695238095238096
7,101,Typical Speech,7,0.1309002725669392
8,101,Typical Speech,8,0.1964135401635401
9,101,Typical Speech,9,0.027338318247409173
0,102,Typical Speech,0,0.19999999999999996
1,102,Typical Speech,1,-0.07142857142857142
2,102,Typical Speech,2,0.0
3,102,Typical Speech,3,0.2333333333333333
4,102,Typical Speech,4,0.08142857142857143
5,102,Typical Speech,5,-0.014583333333333332
6,102,Typical Speech,6,0.0
7,102,Typical Speech,7,0.0
8,102,Typical Speech,8,-0.5
9,102,Typical Speech,9,0.0
0,103,Typical Speech,0,0.27872807017543855
1,103,Typical Speech,1,0.03875455684666212
2,103,Typical Speech,2,0.04759001161440187
3,103,Typical Speech,3,-0.07299019607843137
4,103,Typical Speech,4,-0.015402597402597395
5,103,Typical Speech,5,0.10277777777777779
6,103,Typical Speech,6,-0.02333864965443913
7,103,Typical Speech,7,0.1491330227743271
8,103,Typical Speech,8,0.10306599428939855
9,103,Typical Speech,9,0.09078894269572237
0,104,Typical Speech,0,0.10238095238095238
1,104,Typical Speech,1,0.014285714285714282
2,104,Typical Speech,2,0.045833333333333344
3,104,Typical Speech,3,-0.11458333333333333
4,104,Typical Speech,4,-0.15
5,104,Typical Speech,5,-0.0026785714285714364
6,104,Typical Speech,6,0.004166666666666669
7,104,Typical Speech,7,0.26071428571428573
8,104,Typical Speech,8,0.0873015873015873
9,104,Typical Speech,9,0.29368171511028657
0,105,Typical Speech,0,0.12
1,105,Typical Speech,1,0.0
2,105,Typical Speech,2,0.85
3,105,Typical Speech,3,0.8
4,105,Typical Speech,4,-0.04166666666666668
5,105,Typical Speech,5,0.42000000000000004
6,105,Typical Speech,6,0.2
7,105,Typical Speech,7,0.22083333333333335
8,105,Typical Speech,8,0.19999999999999998
9,105,Typical Speech,9,0.11961722488038276
0,106,Typical Speech,0,0.0
1,106,Typical Speech,1,0.0
2,106,Typical Speech,2,0.0
3,106,Typical Speech,3,0.0
4,106,Typical Speech,4,0.0
5,106,Typical Speech,5,0.0
6,106,Typical Speech,6,0.0
7,106,Typical Speech,7,0.0
8,106,Typical Speech,8,0.0
9,106,Typical Speech,9,0.33329004329004325
0,107,Typical Speech,0,0.21208328708328705
1,107,Typical Speech,1,0.11181362497151973
2,107,Typical Speech,2,0.19633766233766234
3,107,Typical Speech,3,0.019841269841269844
4,107,Typical Speech,4,0.22560296846011132
5,107,Typical Speech,5,0.08453282828282828
6,107,Typical Speech,6,0.20733333333333334
7,107,Typical Speech,7,0.08750000000000002
8,107,Typical Speech,8,0.07851446798815219
9,107,Typical Speech,9,0.26666666666666666
0,108,Typical Speech,0,0.3
1,108,Typical Speech,1,0.4
2,108,Typical Speech,2,0.17750000000000002
3,108,Typical Speech,3,-0.004166666666666666
4,108,Typical Speech,4,0.0
5,108,Typical Speech,5,0.3273809523809524
6,108,Typical Speech,6,0.0
7,108,Typical Speech,7,-0.02666666666666665
8,108,Typical Speech,8,0.0
9,108,Typical Speech,9,0.11687301587301586
0,109,Typical Speech,0,0.10262734487734493
1,109,Typical Speech,1,0.06946153846153848
2,109,Typical Speech,2,0.07592307692307693
3,109,Typical Speech,3,0.029279811097992915
4,109,Typical Speech,4,0.05238095238095238
5,109,Typical Speech,5,-0.029507739735012462
6,109,Typical Speech,6,0.3012820512820513
7,109,Typical Speech,7,0.015441176470588232
8,109,Typical Speech,8,0.04900000000000002
9,109,Typical Speech,9,-0.033333333333333354
0,110,Typical Speech,0,0.0
1,110,Typical Speech,1,0.3425925925925926
2,110,Typical Speech,2,0.5
3,110,Typical Speech,3,0.275
4,110,Typical Speech,4,0.2
5,110,Typical Speech,5,0.1142857142857143
6,110,Typical Speech,6,0.0
7,110,Typical Speech,7,-0.003409090909090917
8,110,Typical Speech,8,0.16693121693121693
9,110,Typical Speech,9,0.21763392857142858
0,111,Typical Speech,0,0.4276292335115864
1,111,Typical Speech,1,0.09658008658008659
2,111,Typical Speech,2,0.13001336898395724
3,111,Typical Speech,3,0.14166666666666664
4,111,Typical Speech,4,0.3704081632653061
5,111,Typical Speech,5,0.12481306572215663
6,111,Typical Speech,6,-0.02494588744588743
7,111,Typical Speech,7,0.07444444444444445
8,111,Typical Speech,8,0.06457954545454545
9,111,Typical Speech,9,0.15024596615505706
0,112,Typical Speech,0,0.14722222222222223
1,112,Typical Speech,1,0.11200000000000002
2,112,Typical Speech,2,0.2499098124098124
3,112,Typical Speech,3,0.2857142857142857
4,112,Typical Speech,4,-0.09375
5,112,Typical Speech,5,0.0
6,112,Typical Speech,6,-0.09166666666666667
7,112,Typical Speech,7,0.11250000000000002
8,112,Typical Speech,8,0.0
9,112,Typical Speech,9,0.07464985994397758
0,113,Typical Speech,0,0.1885714285714286
1,113,Typical Speech,1,-0.011961514095660437
2,113,Typical Speech,2,-0.01442307692307692
3,113,Typical Speech,3,-0.08990462662337663
4,113,Typical Speech,4,-0.024793759699420086
5,113,Typical Speech,5,0.2082683982683983
6,113,Typical Speech,6,0.041666666666666664
7,113,Typical Speech,7,0.3064915966386555
8,113,Typical Speech,8,0.498951048951049
9,113,Typical Speech,9,0.41913580246913573
0,114,Typical Speech,0,0.2213126159554731
1,114,Typical Speech,1,0.020512820512820513
2,114,Typical Speech,2,0.08603041695146958
3,114,Typical Speech,3,-0.020984848484848495
4,114,Typical Speech,4,0.17140151515151517
5,114,Typical Speech,5,0.159375
6,114,Typical Speech,6,0.06418650793650794
7,114,Typical Speech,7,0.12196969696969696
8,114,Typical Speech,8,0.18768115942028987
9,114,Typical Speech,9,0.24843434343434348
0,115,Typical Speech,0,0.10519480519480519
1,115,Typical Speech,1,0.09166666666666667
2,115,Typical Speech,2,0.23666666666666666
3,115,Typical Speech,3,-0.05
4,115,Typical Speech,4,0.05625
5,115,Typical Speech,5,0.11666666666666665
6,115,Typical Speech,6,0.1090909090909091
7,115,Typical Speech,7,0.2532275132275132
8,115,Typical Speech,8,0.07307692307692307
9,115,Typical Speech,9,0.35
0,116,Typical Speech,0,0.0
1,116,Typical Speech,1,0.0
2,116,Typical Speech,2,0.0
3,116,Typical Speech,3,0.0
4,116,Typical Speech,4,0.0
5,116,Typical Speech,5,0.0
6,116,Typical Speech,6,0.0
7,116,Typical Speech,7,0.0
8,116,Typical Speech,8,0.0
9,116,Typical Speech,9,0.0014153439153439097
0,117,Typical Speech,0,0.21428571428571427
1,117,Typical Speech,1,0.10714285714285714
2,117,Typical Speech,2,0.13636363636363635
3,117,Typical Speech,3,-0.0033333333333333435
4,117,Typical Speech,4,-0.22715773809523807
5,117,Typical Speech,5,0.034999999999999996
6,117,Typical Speech,6,0.025630252100840325
7,117,Typical Speech,7,0.11666666666666667
8,117,Typical Speech,8,0.11903571428571427
9,117,Typical Speech,9,0.35055555555555556
0,118,Typical Speech,0,0.13066666666666663
1,118,Typical Speech,1,0.13768115942028986
2,118,Typical Speech,2,0.01427952999381571
3,118,Typical Speech,3,-0.048289345063538595
4,118,Typical Speech,4,-0.032456140350877204
5,118,Typical Speech,5,0.005624999999999996
6,118,Typical Speech,6,0.06136363636363637
7,118,Typical Speech,7,-0.03568010936431989
8,118,Typical Speech,8,-0.0028904120570787096
9,118,Typical Speech,9,0.17075757575757577
0,119,Typical Speech,0,0.36536796536796534
1,119,Typical Speech,1,0.22114135864135864
2,119,Typical Speech,2,0.3354645354645355
3,119,Typical Speech,3,0.20545454545454547
4,119,Typical Speech,4,0.031228956228956224
5,119,Typical Speech,5,0.22937109187109192
6,119,Typical Speech,6,0.11643939393939391
7,119,Typical Speech,7,0.2144496434937612
8,119,Typical Speech,8,0.37678571428571433
9,119,Typical Speech,9,0.1488961038961039
0,120,Typical Speech,0,0.0
1,120,Typical Speech,1,0.12291666666666665
2,120,Typical Speech,2,0.1
3,120,Typical Speech,3,0.1142857142857143
4,120,Typical Speech,4,0.06481481481481481
5,120,Typical Speech,5,0.06875
6,120,Typical Speech,6,0.0
7,120,Typical Speech,7,0.25
8,120,Typical Speech,8,0.0
9,120,Typical Speech,9,0.0
0,121,Typical Speech,0,0.48259920634920644
1,121,Typical Speech,1,0.328608630952381
2,121,Typical Speech,2,0.02868716931216933
3,121,Typical Speech,3,-0.049402597402597406
4,121,Typical Speech,4,0.1669191919191919
5,121,Typical Speech,5,0.11478578892371993
6,121,Typical Speech,6,0.4256029684601113
7,121,Typical Speech,7,0.08738662131519274
8,121,Typical Speech,8,0.14598765432098762
9,121,Typical Speech,9,-0.1
0,122,Typical Speech,0,0.0
1,122,Typical Speech,1,0.2
2,122,Typical Speech,2,0.09866666666666665
3,122,Typical Speech,3,-0.3
4,122,Typical Speech,4,0.21666666666666665
5,122,Typical Speech,5,0.13392045454545454
6,122,Typical Speech,6,0.39
7,122,Typical Speech,7,0.05555555555555555
8,122,Typical Speech,8,0.24375
9,122,Typical Speech,9,0.01666666666666668
0,123,Typical Speech,0,0.25
1,123,Typical Speech,1,0.06507936507936508
2,123,Typical Speech,2,0.04087878787878789
3,123,Typical Speech,3,0.1096590909090909
4,123,Typical Speech,4,0.05
5,123,Typical Speech,5,-0.15
6,123,Typical Speech,6,0.12797619047619047
7,123,Typical Speech,7,0.1619047619047619
8,123,Typical Speech,8,0.048322510822510815
9,123,Typical Speech,9,0.0
0,124,Typical Speech,0,0.1275
1,124,Typical Speech,1,0.2625
2,124,Typical Speech,2,0.09295634920634922
3,124,Typical Speech,3,0.0537138300296195
4,124,Typical Speech,4,0.10473955392433654
5,124,Typical Speech,5,0.09322246858832225
6,124,Typical Speech,6,0.19646915584415584
7,124,Typical Speech,7,0.09053996598639455
8,124,Typical Speech,8,-0.012995337995338
9,124,Typical Speech,9,0.23393308080808087
0,125,Typical Speech,0,0.05000000000000002
1,125,Typical Speech,1,0.00833333333333334
2,125,Typical Speech,2,0.0
3,125,Typical Speech,3,0.1
4,125,Typical Speech,4,0.0
5,125,Typical Speech,5,-0.19285714285714284
6,125,Typical Speech,6,0.10000000000000002
7,125,Typical Speech,7,-0.21147186147186145
8,125,Typical Speech,8,-0.1
9,125,Typical Speech,9,0.038803735024665255
0,126,Typical Speech,0,0.11772400879543737
1,126,Typical Speech,1,0.04345943911161303
2,126,Typical Speech,2,0.06436877076411962
3,126,Typical Speech,3,0.014734848484848472
4,126,Typical Speech,4,0.20125568875568872
5,126,Typical Speech,5,0.06399350649350649
6,126,Typical Speech,6,0.014321212121212118
7,126,Typical Speech,7,0.09450434261755014
8,126,Typical Speech,8,0.11820013320013317
9,126,Typical Speech,9,0.1670448995448996
0,127,Typical Speech,0,0.19444444444444445
1,127,Typical Speech,1,0.06747835497835498
2,127,Typical Speech,2,0.010374149659863949
3,127,Typical Speech,3,0.29166666666666663
4,127,Typical Speech,4,-0.06180555555555556
5,127,Typical Speech,5,0.18437499999999998
6,127,Typical Speech,6,0.20714285714285713
7,127,Typical Speech,7,0.26666666666666666
8,127,Typical Speech,8,0.012500000000000011
9,127,Typical Speech,9,0.11481481481481483
0,128,Typical Speech,0,0.0
1,128,Typical Speech,1,0.0
2,128,Typical Speech,2,0.0
3,128,Typical Speech,3,0.0
4,128,Typical Speech,4,0.0
5,128,Typical Speech,5,0.0
6,128,Typical Speech,6,0.0
7,128,Typical Speech,7,0.0
8,128,Typical Speech,8,0.0
9,128,Typical Speech,9,0.14999999999999997
0,129,Typical Speech,0,0.1392857142857143
1,129,Typical Speech,1,0.15333333333333335
2,129,Typical Speech,2,0.10081168831168831
3,129,Typical Speech,3,0.06177156177156176
4,129,Typical Speech,4,-0.07242857142857144
5,129,Typical Speech,5,0.11430539157811885
6,129,Typical Speech,6,0.12563775510204084
7,129,Typical Speech,7,-0.027899385560675883
8,129,Typical Speech,8,0.1710533910533911
9,129,Typical Speech,9,0.19581400742115032
0,130,Typical Speech,0,0.0
1,130,Typical Speech,1,0.0
2,130,Typical Speech,2,0.0
3,130,Typical Speech,3,0.0
4,130,Typical Speech,4,0.0
5,130,Typical Speech,5,0.0
6,130,Typical Speech,6,0.0
7,130,Typical Speech,7,0.0
8,130,Typical Speech,8,0.0
9,130,Typical Speech,9,0.0
0,131,Typical Speech,0,0.5239583333333333
1,131,Typical Speech,1,0.3638392857142857
2,131,Typical Speech,2,0.09999999999999999
3,131,Typical Speech,3,0.5444444444444445
4,131,Typical Speech,4,0.021088435374149665
5,131,Typical Speech,5,0.0
6,131,Typical Speech,6,0.19000000000000003
7,131,Typical Speech,7,0.23750000000000002
8,131,Typical Speech,8,0.09259259259259262
9,131,Typical Speech,9,0.3628571428571429
0,132,Typical Speech,0,-0.0642857142857143
1,132,Typical Speech,1,0.25974025974025977
2,132,Typical Speech,2,0.0
3,132,Typical Speech,3,-0.525
4,132,Typical Speech,4,-0.015909090909090914
5,132,Typical Speech,5,0.4
6,132,Typical Speech,6,0.0
7,132,Typical Speech,7,0.13227272727272726
8,132,Typical Speech,8,0.1
9,132,Typical Speech,9,0.0
0,133,Typical Speech,0,0.5
1,133,Typical Speech,1,0.25
2,133,Typical Speech,2,0.19166666666666668
3,133,Typical Speech,3,0.23718434343434344
4,133,Typical Speech,4,0.03333333333333333
5,133,Typical Speech,5,0.09166666666666667
6,133,Typical Speech,6,0.06048951048951049
7,133,Typical Speech,7,0.07873376623376625
8,133,Typical Speech,8,0.09808080808080809
9,133,Typical Speech,9,0.06564169164169163
0,134,Typical Speech,0,0.22447916666666667
1,134,Typical Speech,1,0.0
2,134,Typical Speech,2,0.1
3,134,Typical Speech,3,0.3038095238095238
4,134,Typical Speech,4,0.2
5,134,Typical Speech,5,0.0
6,134,Typical Speech,6,0.1
7,134,Typical Speech,7,0.6
8,134,Typical Speech,8,0.24545454545454548
9,134,Typical Speech,9,0.0
0,135,Typical Speech,0,0.09383753501400563
1,135,Typical Speech,1,0.11171875000000006
2,135,Typical Speech,2,0.07777777777777778
3,135,Typical Speech,3,0.1229166666666667
4,135,Typical Speech,4,0.07684210526315789
5,135,Typical Speech,5,0.10964285714285713
6,135,Typical Speech,6,0.825
7,135,Typical Speech,7,0.15714285714285714
8,135,Typical Speech,8,0.13
9,135,Typical Speech,9,0.19999999999999996
0,136,Typical Speech,0,0.16071428571428573
1,136,Typical Speech,1,0.17045454545454544
2,136,Typical Speech,2,0.022486225895316823
3,136,Typical Speech,3,0.20428571428571426
4,136,Typical Speech,4,-0.016616716616716615
5,136,Typical Speech,5,-0.06923076923076923
6,136,Typical Speech,6,-0.01458333333333333
7,136,Typical Speech,7,-0.01475279106858054
8,136,Typical Speech,8,-0.002499999999999991
9,136,Typical Speech,9,-0.015032467532467519
0,137,Typical Speech,0,0.38571428571428573
1,137,Typical Speech,1,0.2
2,137,Typical Speech,2,0.20592885375494066
3,137,Typical Speech,3,-0.02372252747252749
4,137,Typical Speech,4,0.06666666666666668
5,137,Typical Speech,5,0.017897727272727273
6,137,Typical Speech,6,0.0
7,137,Typical Speech,7,0.34
8,137,Typical Speech,8,0.26956709956709957
9,137,Typical Speech,9,0.09220779220779221
0,138,Typical Speech,0,0.0
1,138,Typical Speech,1,0.0
2,138,Typical Speech,2,-0.1625
3,138,Typical Speech,3,0.06704545454545455
4,138,Typical Speech,4,0.1875
5,138,Typical Speech,5,0.11041666666666666
6,138,Typical Speech,6,-0.006249999999999999
7,138,Typical Speech,7,0.08333333333333334
8,138,Typical Speech,8,0.3666666666666667
9,138,Typical Speech,9,0.15833333333333335
0,139,Typical Speech,0,0.0
1,139,Typical Speech,1,0.0
2,139,Typical Speech,2,0.0
3,139,Typical Speech,3,0.0
4,139,Typical Speech,4,0.0
5,139,Typical Speech,5,0.0
6,139,Typical Speech,6,0.0
7,139,Typical Speech,7,0.0
8,139,Typical Speech,8,0.0
9,139,Typical Speech,9,0.17250000000000001
0,140,Typical Speech,0,0.30000000000000004
1,140,Typical Speech,1,0.33140748140748133
2,140,Typical Speech,2,0.2694444444444445
3,140,Typical Speech,3,0.313235294117647
4,140,Typical Speech,4,0.23750000000000002
5,140,Typical Speech,5,0.1662878787878788
6,140,Typical Speech,6,0.20325814536340855
7,140,Typical Speech,7,0.18352272727272728
8,140,Typical Speech,8,0.06862244897959183
9,140,Typical Speech,9,0.3090557139337627
0,141,Typical Speech,0,0.06606060606060608
1,141,Typical Speech,1,0.03560606060606061
2,141,Typical Speech,2,0.05166666666666667
3,141,Typical Speech,3,0.06541666666666665
4,141,Typical Speech,4,0.08701298701298701
5,141,Typical Speech,5,-0.014862914862914868
6,141,Typical Speech,6,0.13694444444444445
7,141,Typical Speech,7,0.15416666666666667
8,141,Typical Speech,8,0.13541666666666666
9,141,Typical Speech,9,0.1409313725490196
0,142,Typical Speech,0,-0.1
1,142,Typical Speech,1,0.23333333333333336
2,142,Typical Speech,2,0.0
3,142,Typical Speech,3,0.0
4,142,Typical Speech,4,0.16333333333333336
5,142,Typical Speech,5,-0.1954545454545455
6,142,Typical Speech,6,0.20606060606060606
7,142,Typical Speech,7,0.0
8,142,Typical Speech,8,0.13613053613053613
9,142,Typical Speech,9,-0.10795454545454544
0,143,Typical Speech,0,0.0
1,143,Typical Speech,1,0.0
2,143,Typical Speech,2,0.0
3,143,Typical Speech,3,0.0
4,143,Typical Speech,4,0.0
5,143,Typical Speech,5,0.0
6,143,Typical Speech,6,0.0
7,143,Typical Speech,7,0.0
8,143,Typical Speech,8,0.0
9,143,Typical Speech,9,0.45701530612244895
0,144,Typical Speech,0,0.52
1,144,Typical Speech,1,0.036782296650717694
2,144,Typical Speech,2,0.375
3,144,Typical Speech,3,0.3771428571428571
4,144,Typical Speech,4,0.3025641025641025
5,144,Typical Speech,5,0.01833333333333334
6,144,Typical Speech,6,0.15000000000000002
7,144,Typical Speech,7,0.1791666666666667
8,144,Typical Speech,8,0.42857142857142855
9,144,Typical Speech,9,0.15714285714285714
0,145,Typical Speech,0,0.3767857142857143
1,145,Typical Speech,1,0.23955627705627705
2,145,Typical Speech,2,0.18263941940412529
3,145,Typical Speech,3,0.0628968253968254
4,145,Typical Speech,4,0.21055194805194805
5,145,Typical Speech,5,-0.030555555555555558
6,145,Typical Speech,6,0.18257575757575759
7,145,Typical Speech,7,0.12148760330578513
8,145,Typical Speech,8,0.08821022727272727
9,145,Typical Speech,9,0.3342592592592593
0,146,Typical Speech,0,0.0
1,146,Typical Speech,1,0.0
2,146,Typical Speech,2,0.0
3,146,Typical Speech,3,0.0
4,146,Typical Speech,4,0.0
5,146,Typical Speech,5,0.0
6,146,Typical Speech,6,0.0
7,146,Typical Speech,7,0.0
8,146,Typical Speech,8,0.0
9,146,Typical Speech,9,0.009943977591036402
0,147,Typical Speech,0,0.04148193760262725
1,147,Typical Speech,1,0.11014173998044965
2,147,Typical Speech,2,0.1592261904761905
3,147,Typical Speech,3,0.10694444444444444
4,147,Typical Speech,4,0.06740103740103742
5,147,Typical Speech,5,0.09949494949494948
6,147,Typical Speech,6,0.05849731077003805
7,147,Typical Speech,7,-0.000850340136054421
8,147,Typical Speech,8,0.22500000000000003
9,147,Typical Speech,9,0.2225
0,148,Typical Speech,0,0.0
1,148,Typical Speech,1,0.15555555555555559
2,148,Typical Speech,2,0.16339285714285715
3,148,Typical Speech,3,0.3014204545454545
4,148,Typical Speech,4,-0.07794117647058825
5,148,Typical Speech,5,0.2875
6,148,Typical Speech,6,-0.09999999999999999
7,148,Typical Speech,7,0.15795454545454546
8,148,Typical Speech,8,-0.10740740740740741
9,148,Typical Speech,9,0.11159923409923413
0,149,Typical Speech,0,0.25113636363636366
1,149,Typical Speech,1,0.5083333333333333
2,149,Typical Speech,2,0.17681068931068927
3,149,Typical Speech,3,0.03473389355742296
4,149,Typical Speech,4,0.10974025974025972
5,149,Typical Speech,5,0.13766233766233768
6,149,Typical Speech,6,0.14840754483611626
7,149,Typical Speech,7,0.03930785123966942
8,149,Typical Speech,8,0.03174603174603176
9,149,Typical Speech,9,0.07438905180840664
0,150,Typical Speech,0,0.23793650793650797
1,150,Typical Speech,1,0.20225919913419912
2,150,Typical Speech,2,0.20301175015460726
3,150,Typical Speech,3,0.15408072319837024
4,150,Typical Speech,4,0.023571428571428577
5,150,Typical Speech,5,0.23253340862036512
6,150,Typical Speech,6,0.12676767676767678
7,150,Typical Speech,7,0.1898268398268398
8,150,Typical Speech,8,0.08151260504201681
9,150,Typical Speech,9,0.19043610710277376
0,151,Typical Speech,0,0.0
1,151,Typical Speech,1,0.0
2,151,Typical Speech,2,0.0
3,151,Typical Speech,3,0.0
4,151,Typical Speech,4,0.0
5,151,Typical Speech,5,0.0
6,151,Typical Speech,6,0.0
7,151,Typical Speech,7,0.0
8,151,Typical Speech,8,0.0
9,151,Typical Speech,9,0.13757215007215007
0,152,Typical Speech,0,0.5666666666666667
1,152,Typical Speech,1,0.0
2,152,Typical Speech,2,0.05000000000000002
3,152,Typical Speech,3,0.75
4,152,Typical Speech,4,0.0
5,152,Typical Speech,5,0.0
6,152,Typical Speech,6,0.0
7,152,Typical Speech,7,0.25416666666666665
8,152,Typical Speech,8,0.4681818181818182
9,152,Typical Speech,9,0.20702947845804986
0,153,Typical Speech,0,0.2966666666666667
1,153,Typical Speech,1,0.058325602968460115
2,153,Typical Speech,2,0.13333333333333333
3,153,Typical Speech,3,0.07961538461538462
4,153,Typical Speech,4,0.18709077380952382
5,153,Typical Speech,5,0.17556818181818182
6,153,Typical Speech,6,0.2572420634920635
7,153,Typical Speech,7,0.035
8,153,Typical Speech,8,-0.025
9,153,Typical Speech,9,0.0776839826839827
